<?xml version="1.0" encoding="UTF-8" standalone="no"?>
<BlockMap xmlns="http://schemas.microsoft.com/appx/2010/blockmap" xmlns:b4="http://schemas.microsoft.com/appx/2021/blockmap" IgnorableNamespaces="b4" HashMethod="http://www.w3.org/2001/04/xmlenc#sha256"><File Name="AppInstaller.exe" Size="2485248" LfhSize="46"><Block Hash="ZjxuOV4iD8nhVaCHxp0es231qnfEYku6p3tKbpqT9kA=" Size="24367"/><Block Hash="QDj7TS/7cT0bEyIKEV58nvm7gSXDnDFNjzeXGPVr5/M=" Size="30675"/><Block Hash="J8eTj62rEQz058FSzLO6aeYpoth7PCMXXt3q98AeRSw=" Size="25682"/><Block Hash="DFY7yd8gw+WkRGq0vhccHjjXC5npYXon6ywF3oAwxnM=" Size="31659"/><Block Hash="Py4mZllT8KL7GBKMTFBtdPjIkfKO0ZGKsREixNrionw=" Size="31171"/><Block Hash="LbeZWy3ftkUW32nlGT0zK4bxk/4piXc3UkcUwFGvT2s=" Size="26630"/><Block Hash="xwMphtkEN6N5TB1LiXrvTwvSfBzOnFiIdug1ALGj0pY=" Size="24993"/><Block Hash="ITsR3OYrMnJ8J0WlT9MFaoPCtng3Yd2sS1KTLAkclHE=" Size="33347"/><Block Hash="TC7RCUY4iKHCP2uoFlJDZ9QJJNM7EYaCLcGFpURaiC8=" Size="28164"/><Block Hash="QwneyZnJqZElWthmKikmlBrx86Qxaj/umzwCJJwVnDo=" Size="31104"/><Block Hash="VcyH7oFuTRcpR0graN97Aex0jbHfY+n4m02zd9c4/D4=" Size="27982"/><Block Hash="Y0Hk7wGxrh2sr4Vcu1bvG1SsmeTeUXpk5PNXT+QvF+I=" Size="31278"/><Block Hash="KzqkV6TL2vRGQGvAIYOCTty/u4J1w2ZXdwMefaqFIgQ=" Size="30917"/><Block Hash="SvAlFZPjcQupllHUr+h3L/feAFvxbUfihjjMtTJWYfU=" Size="26480"/><Block Hash="vkBAnK31i2aCJ9o/x2BxA5+4R3je+7phhSzmz2WYU+M=" Size="29512"/><Block Hash="ItA0XdwRA05iiAL5L6T5varYCvyYTe2oXFALBoHGNXg=" Size="20592"/><Block Hash="rBc7jsxFMkk22hMs4syqxXx4NtdphufXeM/3Oq/wsF8=" Size="20404"/><Block Hash="YHFXUipfphuhitaLDEcIjl4U8OXFVh0qlhx1i2vOpGE=" Size="20131"/><Block Hash="TcxJVC/FCSO2Crj2fVhlIDSdGjPrdYpkty6D0TFBsL0=" Size="19677"/><Block Hash="YnzzpyTIaqog2X7H55uSNNIPG9qxNun+ks81R9lsaog=" Size="18390"/><Block Hash="WuI5/C8eOP0cGBSo9lxwog4LatUb5vQ7lWlAnz36F8c=" Size="20395"/><Block Hash="/LavCPjJUwLe4owru0hQxQhLAZfTXAo56gQty77dEqU=" Size="21005"/><Block Hash="HDtXs6iztlFaNETO4neVK00p2AUqPdv2YH7WE+kQDRk=" Size="22770"/><Block Hash="BlzCLWoY7p1dB7x9Dlodt9vz2Zo+fRyx3Oqd5n4FUTE=" Size="18309"/><Block Hash="8RE6wMgljVcaBxL4zaJLiVxkvze9J70M5SUIKlvKxdE=" Size="20438"/><Block Hash="Rs29BvUN58vmQoD8s0inqVF3QmkgK+ekY9vc+dlhyAA=" Size="16236"/><Block Hash="1qY77StF3vIgv74s/c/7OQvG8CngkVLWu3husIXwxbw=" Size="12458"/><Block Hash="AgA9CfIjjHzKKxjH0eV+gX0RG827+08kR55rBAE6HpA=" Size="9320"/><Block Hash="q6NUnQ4u1tSzJOVvaS31lAgsqnZuB4TpaNqTq4EXAkw=" Size="10316"/><Block Hash="jmrWksHcrjr2XTguqEd0jGP3aa114ShWMPyV+6XMgqQ=" Size="18800"/><Block Hash="roaIWKRc0BQNVCkeA0gTIhbZ+5OY23S/5Z1+yzAdrJk=" Size="33717"/><Block Hash="Wkp7FBVRWDcLzs4XbZ5c1xXaVuOc2WSfgfcDtYkISd4=" Size="21045"/><Block Hash="W7Vt+/9eRl8Q9Jw1BoJsMuMpK0UA8S8HH29eIqPgxMQ=" Size="3661"/><Block Hash="EvVe4OiBfghs83PPUahiKS4lJ0i2roqAr9allrgbeSk=" Size="4947"/><Block Hash="99+Z1OI3CWSfldxJhcNTHVO+JLMAO/x/YmZ+O+IHQL4=" Size="4603"/><Block Hash="AgCgkw76lqVZ7S9uQuHg8MGkG0U+rjGAMOFv0CpAm2Y=" Size="3479"/><Block Hash="wLf571dJFLxGvGwjevmaX80N9xS/C+qrAwwtFLWn+p0=" Size="12057"/><Block Hash="r7sONGeeCBkzv0JXgM4xNjc45cZ45rdrWNpzqgjYD9k=" Size="25665"/><b4:FileHash Hash="4kZ7grhUAjplzRDc0EqAmSb8u57mNN32M3sSDpvfZ7w="/></File><File Name="AppInstaller.sccd" Size="15058" LfhSize="47"><Block Hash="FxBV3Waiwr65vrBqYVCF6ee38RDfmTS3x4bw7WCawSQ=" Size="8652"/></File><File Name="AppInstaller.winmd" Size="7680" LfhSize="48"><Block Hash="4YXjABjh7W6f/H1b3yhF001OMuAQJpGHaNwE/de1urc=" Size="2918"/></File><File Name="AppInstallerBackgroundTasks.dll" Size="196608" LfhSize="61"><Block Hash="IRxZuzW3AGctTGrq39ohaUITvycO0awMYSNdm+fan+w=" Size="32092"/><Block Hash="QV5go+uIBdObiqz5cuY1U1EcGJdTAIUDXkZJHq3qzTs=" Size="23774"/><Block Hash="LFrUTqW24F87puIQFMAxtrm72U6PGPPa4s2yZNNqwjI=" Size="16239"/><b4:FileHash Hash="ND32sHzFp7qm0Ha1H+LsVlXuC+fzBfLhyx9IH/qOHko="/></File><File Name="AppInstallerBackgroundTasks.winmd" Size="2560" LfhSize="63"><Block Hash="a/ZWDOnytYTW1vXhKLCv3CJ+87ljtFrFEmNHaJos2dY=" Size="894"/></File><File Name="AppInstallerFullTrustAppServiceClient.exe" Size="293888" LfhSize="71"><Block Hash="8P7JZz5dPeUTl1bzSwYPAOUsQ/WM9L2LWGh6+jI+02k=" Size="30878"/><Block Hash="D4QMfH18RXXihSnCCLrvrnRwjxrO4UaTBbcKWhm0PSU=" Size="27386"/><Block Hash="YR/djA3wLCPbtCiCCcwVlxb37xSk/3IVXuf3+8bM9Xw=" Size="17482"/><Block Hash="uwiHo1boytU9KoAeINUFhAd4ZuTefo5hZ/0QzOksEdw=" Size="12714"/><Block Hash="Al5K8sYGB9/br65ji0KggbzMJSVCT/POo6233FjHhoI=" Size="3233"/><b4:FileHash Hash="L8aEzVNqF0f06k2zNumRps0Qu5M0RnXa0mFZBNeLpVw="/></File><File Name="AppInstallerPythonRedirector.exe" Size="278528" LfhSize="62"><Block Hash="VRtIo/3Hytr650+amQuyftqvaWSmfkOmdvWyw46L1x8=" Size="31701"/><Block Hash="1+kJVuTBvDfJw1+Wfkq36ONM1niHxSXTtIj3doZzwSc=" Size="29540"/><Block Hash="sF1t4ujFrr0Zm6LoP+1mZV5T7fbde92fOBkmlei3y2o=" Size="29304"/><Block Hash="yf2dyZFv9TgpElQ6lqxLxeVWaKeB1hHVm4X5iJ8Lu40=" Size="38502"/><Block Hash="0WBG/96IwyZi5t6KopOhfcrEFq6HLa9HexhM5X8EyqA=" Size="4869"/><b4:FileHash Hash="O82868qe7SwTR2ezUnnQlaTzhql22uvQ1AuKVXT3mSo="/></File><File Name="Assets\256x256.png" Size="8615" LfhSize="48"><Block Hash="5kAXOjfaoBYxYxl6Wd3VuE/lpGu9tt/ug90P463M64E="/></File><File Name="Assets\AppPackageAppList.scale-200.png" Size="467" LfhSize="68"><Block Hash="7i8xkh0Al1rx/cTVjEV5EJDkuqM2Z+A2LJu5c6j7zN4="/></File><File Name="Assets\AppPackageAppList.targetsize-16.png" Size="185" LfhSize="72"><Block Hash="HR++j/OaaOAkHcUrzLAs5TJEaafIAYUGDV2CqOsvMk4="/></File><File Name="Assets\AppPackageAppList.targetsize-16_altform-unplated.png" Size="185" LfhSize="89"><Block Hash="HR++j/OaaOAkHcUrzLAs5TJEaafIAYUGDV2CqOsvMk4="/></File><File Name="Assets\AppPackageAppList.targetsize-20_altform-unplated.png" Size="215" LfhSize="89"><Block Hash="pO9UmnYaIe29VRJHRVGjAxTN26jtT9NI4r26hca7cQE="/></File><File Name="Assets\AppPackageAppList.targetsize-24.png" Size="227" LfhSize="72"><Block Hash="sadRuj8MfGMarraJEW9GnUcY3iekobWrAQzSiUGMQjc="/></File><File Name="Assets\AppPackageAppList.targetsize-24_altform-unplated.png" Size="227" LfhSize="89"><Block Hash="sadRuj8MfGMarraJEW9GnUcY3iekobWrAQzSiUGMQjc="/></File><File Name="Assets\AppPackageAppList.targetsize-256.png" Size="1684" LfhSize="73"><Block Hash="ZPPUVoAhpaVDpga8YLy57ifOGd993f1aJwRZ5MW+RlI="/></File><File Name="Assets\AppPackageAppList.targetsize-20.png" Size="215" LfhSize="72"><Block Hash="pO9UmnYaIe29VRJHRVGjAxTN26jtT9NI4r26hca7cQE="/></File><File Name="Assets\AppPackageAppList.targetsize-256_altform-unplated.png" Size="1684" LfhSize="90"><Block Hash="ZPPUVoAhpaVDpga8YLy57ifOGd993f1aJwRZ5MW+RlI="/></File><File Name="Assets\AppPackageAppList.targetsize-30.png" Size="271" LfhSize="72"><Block Hash="veb5ZwXifuaV6AmHds6SX+NRmIusCYT1rutsYMIPwL4="/></File><File Name="Assets\AppPackageAppList.targetsize-30_altform-unplated.png" Size="271" LfhSize="89"><Block Hash="veb5ZwXifuaV6AmHds6SX+NRmIusCYT1rutsYMIPwL4="/></File><File Name="Assets\AppPackageAppList.targetsize-32.png" Size="276" LfhSize="72"><Block Hash="QefD0JsJ+l0EiIvQvI8qKz3pMf+CZfwK7rpt8YWJeXE="/></File><File Name="Assets\AppPackageAppList.targetsize-32_altform-unplated.png" Size="276" LfhSize="89"><Block Hash="QefD0JsJ+l0EiIvQvI8qKz3pMf+CZfwK7rpt8YWJeXE="/></File><File Name="Assets\AppPackageAppList.targetsize-36.png" Size="302" LfhSize="72"><Block Hash="W6zksYGnGt078+mbv0TvyYAOShkAXkWvd2dq9SEUr8Q="/></File><File Name="Assets\AppPackageAppList.targetsize-36_altform-unplated.png" Size="302" LfhSize="89"><Block Hash="W6zksYGnGt078+mbv0TvyYAOShkAXkWvd2dq9SEUr8Q="/></File><File Name="Assets\AppPackageAppList.targetsize-40.png" Size="326" LfhSize="72"><Block Hash="9E/KGKQCB5fLZy27tQBd73r3EQe2ASbgb7FOKTmUz38="/></File><File Name="Assets\AppPackageAppList.targetsize-40_altform-unplated.png" Size="326" LfhSize="89"><Block Hash="9E/KGKQCB5fLZy27tQBd73r3EQe2ASbgb7FOKTmUz38="/></File><File Name="Assets\AppPackageAppList.targetsize-48.png" Size="368" LfhSize="72"><Block Hash="+yEcoWcl9kD8LnRUME8sTaNO2zSD0wZeqMCHWIKLqec="/></File><File Name="Assets\AppPackageAppList.targetsize-48_altform-unplated.png" Size="368" LfhSize="89"><Block Hash="+yEcoWcl9kD8LnRUME8sTaNO2zSD0wZeqMCHWIKLqec="/></File><File Name="Assets\AppPackageAppList.targetsize-60.png" Size="436" LfhSize="72"><Block Hash="WeNY2yR6oR5ASbmnr3XsF049iGaPF2SH0GVfZdI5oPc="/></File><File Name="Assets\AppPackageAppList.targetsize-60_altform-unplated.png" Size="436" LfhSize="89"><Block Hash="WeNY2yR6oR5ASbmnr3XsF049iGaPF2SH0GVfZdI5oPc="/></File><File Name="Assets\AppPackageAppList.targetsize-64.png" Size="412" LfhSize="72"><Block Hash="qJbU1f2nvrEsxQuqdPL9rVok7b0/+RCF+ExhujKRIEw="/></File><File Name="Assets\AppPackageAppList.targetsize-64_altform-unplated.png" Size="412" LfhSize="89"><Block Hash="qJbU1f2nvrEsxQuqdPL9rVok7b0/+RCF+ExhujKRIEw="/></File><File Name="Assets\AppPackageAppList.targetsize-72.png" Size="486" LfhSize="72"><Block Hash="VTnCVowymQWabj+o90weFU6/ZGjeN6Q9f8LCaByHdhE="/></File><File Name="Assets\AppPackageAppList.targetsize-72_altform-unplated.png" Size="486" LfhSize="89"><Block Hash="VTnCVowymQWabj+o90weFU6/ZGjeN6Q9f8LCaByHdhE="/></File><File Name="Assets\AppPackageAppList.targetsize-80.png" Size="505" LfhSize="72"><Block Hash="fpvrVHixcSCKdtt3wHBRJgHRE3ftc3J59k4KP46jjsM="/></File><File Name="Assets\AppPackageAppList.targetsize-80_altform-unplated.png" Size="505" LfhSize="89"><Block Hash="fpvrVHixcSCKdtt3wHBRJgHRE3ftc3J59k4KP46jjsM="/></File><File Name="Assets\AppPackageAppList.targetsize-96.png" Size="663" LfhSize="72"><Block Hash="tfeyDKMrEkkb62Co9vYTc1FYamlWdwoVObgUJ7LPQrM="/></File><File Name="Assets\AppPackageAppList.targetsize-96_altform-unplated.png" Size="663" LfhSize="89"><Block Hash="tfeyDKMrEkkb62Co9vYTc1FYamlWdwoVObgUJ7LPQrM="/></File><File Name="Assets\AppPackageBadgeLogo.scale-200.png" Size="368" LfhSize="70"><Block Hash="+yEcoWcl9kD8LnRUME8sTaNO2zSD0wZeqMCHWIKLqec="/></File><File Name="Assets\AppPackageLargeTile.scale-200.png" Size="2522" LfhSize="70"><Block Hash="JYHWJYQZ2T5SvTCiLeQAsh0g99hsj/DFlX4drNjcujU="/></File><File Name="Assets\AppPackageMedTile.scale-200.png" Size="1113" LfhSize="68"><Block Hash="0YyrGFIysOVrVhw1a38uAwBD4xxOPs0UUrwB1nxeTHo="/></File><File Name="Assets\AppPackageSmallTile.scale-200.png" Size="636" LfhSize="70"><Block Hash="OZUofihxnlSM/ZRLk5W1D10/UOeKPg3hcQctWNUIi8I="/></File><File Name="Assets\AppPackageSplashScreen.scale-200.png" Size="3246" LfhSize="73"><Block Hash="gxwqL43wEN688Zb+lg2OSs53h8hbP2C5kl7HsWIK3vQ="/></File><File Name="Assets\AppPackageStoreLogo.scale-200.png" Size="494" LfhSize="70"><Block Hash="5cUJcGhUfqKMqydVnrUO0ASeNSE3Z8a4PL7vdBFUtw4="/></File><File Name="Assets\AppPackageWideTile.scale-200.png" Size="1330" LfhSize="69"><Block Hash="tHSojnxx3Ja8zDFr7yGRwakQXkmvF1ijH4QfHnsuCKU="/></File><File Name="Assets\CertOriginTrusted.png" Size="23834" LfhSize="58"><Block Hash="yNklD3bTMOutWPU1MSglf29gdBBAxgrk9ySNFPDRVIg="/></File><File Name="Assets\CertOriginUntrusted.png" Size="20891" LfhSize="60"><Block Hash="fADdR1NAYKcdoFI2MIF6a8otuXLL8bZOcaqkxY+zuLA="/></File><File Name="Assets\contrast-black\AppPackageAppList.scale-200_contrast-black.png" Size="467" LfhSize="98"><Block Hash="7i8xkh0Al1rx/cTVjEV5EJDkuqM2Z+A2LJu5c6j7zN4="/></File><File Name="Assets\contrast-black\AppPackageAppList.targetsize-16_contrast-black.png" Size="185" LfhSize="102"><Block Hash="HR++j/OaaOAkHcUrzLAs5TJEaafIAYUGDV2CqOsvMk4="/></File><File Name="Assets\contrast-black\AppPackageAppList.targetsize-16_altform-unplated_contrast-black.png" Size="185" LfhSize="119"><Block Hash="HR++j/OaaOAkHcUrzLAs5TJEaafIAYUGDV2CqOsvMk4="/></File><File Name="Assets\contrast-black\AppPackageAppList.targetsize-20_altform-unplated_contrast-black.png" Size="215" LfhSize="119"><Block Hash="pO9UmnYaIe29VRJHRVGjAxTN26jtT9NI4r26hca7cQE="/></File><File Name="Assets\contrast-black\AppPackageAppList.targetsize-20_contrast-black.png" Size="215" LfhSize="102"><Block Hash="pO9UmnYaIe29VRJHRVGjAxTN26jtT9NI4r26hca7cQE="/></File><File Name="Assets\contrast-black\AppPackageAppList.targetsize-24_altform-unplated_contrast-black.png" Size="227" LfhSize="119"><Block Hash="sadRuj8MfGMarraJEW9GnUcY3iekobWrAQzSiUGMQjc="/></File><File Name="Assets\contrast-black\AppPackageAppList.targetsize-24_contrast-black.png" Size="227" LfhSize="102"><Block Hash="sadRuj8MfGMarraJEW9GnUcY3iekobWrAQzSiUGMQjc="/></File><File Name="Assets\contrast-black\AppPackageAppList.targetsize-256_altform-unplated_contrast-black.png" Size="1684" LfhSize="120"><Block Hash="ZPPUVoAhpaVDpga8YLy57ifOGd993f1aJwRZ5MW+RlI="/></File><File Name="Assets\contrast-black\AppPackageAppList.targetsize-256_contrast-black.png" Size="1684" LfhSize="103"><Block Hash="ZPPUVoAhpaVDpga8YLy57ifOGd993f1aJwRZ5MW+RlI="/></File><File Name="Assets\contrast-black\AppPackageAppList.targetsize-30_altform-unplated_contrast-black.png" Size="271" LfhSize="119"><Block Hash="veb5ZwXifuaV6AmHds6SX+NRmIusCYT1rutsYMIPwL4="/></File><File Name="Assets\contrast-black\AppPackageAppList.targetsize-30_contrast-black.png" Size="271" LfhSize="102"><Block Hash="veb5ZwXifuaV6AmHds6SX+NRmIusCYT1rutsYMIPwL4="/></File><File Name="Assets\contrast-black\AppPackageAppList.targetsize-32_altform-unplated_contrast-black.png" Size="276" LfhSize="119"><Block Hash="QefD0JsJ+l0EiIvQvI8qKz3pMf+CZfwK7rpt8YWJeXE="/></File><File Name="Assets\contrast-black\AppPackageAppList.targetsize-32_contrast-black.png" Size="276" LfhSize="102"><Block Hash="QefD0JsJ+l0EiIvQvI8qKz3pMf+CZfwK7rpt8YWJeXE="/></File><File Name="Assets\contrast-black\AppPackageAppList.targetsize-36_altform-unplated_contrast-black.png" Size="302" LfhSize="119"><Block Hash="W6zksYGnGt078+mbv0TvyYAOShkAXkWvd2dq9SEUr8Q="/></File><File Name="Assets\contrast-black\AppPackageAppList.targetsize-36_contrast-black.png" Size="302" LfhSize="102"><Block Hash="W6zksYGnGt078+mbv0TvyYAOShkAXkWvd2dq9SEUr8Q="/></File><File Name="Assets\contrast-black\AppPackageAppList.targetsize-40_altform-unplated_contrast-black.png" Size="326" LfhSize="119"><Block Hash="9E/KGKQCB5fLZy27tQBd73r3EQe2ASbgb7FOKTmUz38="/></File><File Name="Assets\contrast-black\AppPackageAppList.targetsize-40_contrast-black.png" Size="326" LfhSize="102"><Block Hash="9E/KGKQCB5fLZy27tQBd73r3EQe2ASbgb7FOKTmUz38="/></File><File Name="Assets\contrast-black\AppPackageAppList.targetsize-48_altform-unplated_contrast-black.png" Size="368" LfhSize="119"><Block Hash="+yEcoWcl9kD8LnRUME8sTaNO2zSD0wZeqMCHWIKLqec="/></File><File Name="Assets\contrast-black\AppPackageAppList.targetsize-48_contrast-black.png" Size="368" LfhSize="102"><Block Hash="+yEcoWcl9kD8LnRUME8sTaNO2zSD0wZeqMCHWIKLqec="/></File><File Name="Assets\contrast-black\AppPackageAppList.targetsize-60_altform-unplated_contrast-black.png" Size="436" LfhSize="119"><Block Hash="WeNY2yR6oR5ASbmnr3XsF049iGaPF2SH0GVfZdI5oPc="/></File><File Name="Assets\contrast-black\AppPackageAppList.targetsize-60_contrast-black.png" Size="436" LfhSize="102"><Block Hash="WeNY2yR6oR5ASbmnr3XsF049iGaPF2SH0GVfZdI5oPc="/></File><File Name="Assets\contrast-black\AppPackageAppList.targetsize-64_altform-unplated_contrast-black.png" Size="412" LfhSize="119"><Block Hash="qJbU1f2nvrEsxQuqdPL9rVok7b0/+RCF+ExhujKRIEw="/></File><File Name="Assets\contrast-black\AppPackageAppList.targetsize-64_contrast-black.png" Size="412" LfhSize="102"><Block Hash="qJbU1f2nvrEsxQuqdPL9rVok7b0/+RCF+ExhujKRIEw="/></File><File Name="Assets\contrast-black\AppPackageAppList.targetsize-72_altform-unplated_contrast-black.png" Size="486" LfhSize="119"><Block Hash="VTnCVowymQWabj+o90weFU6/ZGjeN6Q9f8LCaByHdhE="/></File><File Name="Assets\contrast-black\AppPackageAppList.targetsize-72_contrast-black.png" Size="486" LfhSize="102"><Block Hash="VTnCVowymQWabj+o90weFU6/ZGjeN6Q9f8LCaByHdhE="/></File><File Name="Assets\contrast-black\AppPackageAppList.targetsize-80_altform-unplated_contrast-black.png" Size="505" LfhSize="119"><Block Hash="fpvrVHixcSCKdtt3wHBRJgHRE3ftc3J59k4KP46jjsM="/></File><File Name="Assets\contrast-black\AppPackageAppList.targetsize-80_contrast-black.png" Size="505" LfhSize="102"><Block Hash="fpvrVHixcSCKdtt3wHBRJgHRE3ftc3J59k4KP46jjsM="/></File><File Name="Assets\contrast-black\AppPackageAppList.targetsize-96_altform-unplated_contrast-black.png" Size="663" LfhSize="119"><Block Hash="tfeyDKMrEkkb62Co9vYTc1FYamlWdwoVObgUJ7LPQrM="/></File><File Name="Assets\contrast-black\AppPackageAppList.targetsize-96_contrast-black.png" Size="663" LfhSize="102"><Block Hash="tfeyDKMrEkkb62Co9vYTc1FYamlWdwoVObgUJ7LPQrM="/></File><File Name="Assets\contrast-black\AppPackageBadgeLogo.scale-200_contrast-black.png" Size="368" LfhSize="100"><Block Hash="+yEcoWcl9kD8LnRUME8sTaNO2zSD0wZeqMCHWIKLqec="/></File><File Name="Assets\contrast-black\AppPackageMedTile.scale-200_contrast-black.png" Size="1113" LfhSize="98"><Block Hash="0YyrGFIysOVrVhw1a38uAwBD4xxOPs0UUrwB1nxeTHo="/></File><File Name="Assets\contrast-black\AppPackageLargeTile.scale-200_contrast-black.png" Size="2522" LfhSize="100"><Block Hash="JYHWJYQZ2T5SvTCiLeQAsh0g99hsj/DFlX4drNjcujU="/></File><File Name="Assets\contrast-black\AppPackageSmallTile.scale-200_contrast-black.png" Size="636" LfhSize="100"><Block Hash="OZUofihxnlSM/ZRLk5W1D10/UOeKPg3hcQctWNUIi8I="/></File><File Name="Assets\contrast-black\AppPackageSplashScreen.scale-200_contrast-black.png" Size="3246" LfhSize="103"><Block Hash="gxwqL43wEN688Zb+lg2OSs53h8hbP2C5kl7HsWIK3vQ="/></File><File Name="Assets\contrast-black\AppPackageWideTile.scale-200_contrast-black.png" Size="1330" LfhSize="99"><Block Hash="tHSojnxx3Ja8zDFr7yGRwakQXkmvF1ijH4QfHnsuCKU="/></File><File Name="Assets\contrast-black\AppPackageStoreLogo.scale-200_contrast-black.png" Size="494" LfhSize="100"><Block Hash="5cUJcGhUfqKMqydVnrUO0ASeNSE3Z8a4PL7vdBFUtw4="/></File><File Name="Assets\contrast-black\CertOriginTrusted.png" Size="17178" LfhSize="73"><Block Hash="nB+rG61tCd//RS6osk2qwlqI3bOpKQ/D8WkZ6pz9omw="/></File><File Name="Assets\contrast-black\Shield.png" Size="296" LfhSize="62"><Block Hash="5F9peoHhy9RgRqUFl7qa8I4dgxFkfWKhdALMQYsPY+g="/></File><File Name="Assets\contrast-black\CertOriginUntrusted.png" Size="18043" LfhSize="75"><Block Hash="SC/89GHU6FO181K/f+t6xDOZ6YVun68SOFDnsUKA4+s="/></File><File Name="Assets\contrast-white\AppPackageAppList.scale-200_contrast-white.png" Size="648" LfhSize="98"><Block Hash="ZLh0ozjQLRe6vRKa6aMwTjg56EnaW7qhKFmnMVNqqTM="/></File><File Name="Assets\contrast-white\AppPackageAppList.targetsize-16_altform-unplated_contrast-white.png" Size="380" LfhSize="119"><Block Hash="29j/e3EWu1kgcaYMGPswkvXodv6A3J4O1XlVUTLqBfI="/></File><File Name="Assets\contrast-white\AppPackageAppList.targetsize-16_contrast-white.png" Size="380" LfhSize="102"><Block Hash="29j/e3EWu1kgcaYMGPswkvXodv6A3J4O1XlVUTLqBfI="/></File><File Name="Assets\contrast-white\AppPackageAppList.targetsize-20_altform-unplated_contrast-white.png" Size="411" LfhSize="119"><Block Hash="h7jTMhs8k5YUTJ/8x4/kEeWvAgsbXWC+aqrqIVeMmmY="/></File><File Name="Assets\contrast-white\AppPackageAppList.targetsize-20_contrast-white.png" Size="411" LfhSize="102"><Block Hash="h7jTMhs8k5YUTJ/8x4/kEeWvAgsbXWC+aqrqIVeMmmY="/></File><File Name="Assets\contrast-white\AppPackageAppList.targetsize-24_altform-unplated_contrast-white.png" Size="421" LfhSize="119"><Block Hash="j/rGgJM1oW6jJq2Upowa2vKP5JAVRdUhvDvcrBJQ1po="/></File><File Name="Assets\contrast-white\AppPackageAppList.targetsize-24_contrast-white.png" Size="421" LfhSize="102"><Block Hash="m+cOWw59kRQpaFoMVaoyp+hoJR5u8mXkKzl6paRgNl0="/></File><File Name="Assets\contrast-white\AppPackageAppList.targetsize-256_altform-unplated_contrast-white.png" Size="2093" LfhSize="120"><Block Hash="bh/O1fMcP1YsirautIjgmRDwMQwEjgKLvI0PzgizEio="/></File><File Name="Assets\contrast-white\AppPackageAppList.targetsize-256_contrast-white.png" Size="2093" LfhSize="103"><Block Hash="lu6hWTkNPms2qZ771RT8O6I+QsYJ2j8yD2hyWk8+aB0="/></File><File Name="Assets\contrast-white\AppPackageAppList.targetsize-30_altform-unplated_contrast-white.png" Size="477" LfhSize="119"><Block Hash="DAKjpfRgib1zyqdX2fZ4t5KGcQBL9oU8I8/tEgZUYAM="/></File><File Name="Assets\contrast-white\AppPackageAppList.targetsize-30_contrast-white.png" Size="477" LfhSize="102"><Block Hash="QuJtxq8xUtCqmn6LR+LmOcg7Mkv116vBWf/h0KaiAAY="/></File><File Name="Assets\contrast-white\AppPackageAppList.targetsize-32_altform-unplated_contrast-white.png" Size="481" LfhSize="119"><Block Hash="rjjziYyUj1qSSbubUxbfDcw8MRA1ff0GjF8QjMcH4SE="/></File><File Name="Assets\contrast-white\AppPackageAppList.targetsize-32_contrast-white.png" Size="481" LfhSize="102"><Block Hash="rjjziYyUj1qSSbubUxbfDcw8MRA1ff0GjF8QjMcH4SE="/></File><File Name="Assets\contrast-white\AppPackageAppList.targetsize-36_altform-unplated_contrast-white.png" Size="500" LfhSize="119"><Block Hash="1qipXn4kqG1uTfTRzqW6TF+Yr8SDAyT/uYmJgdf385s="/></File><File Name="Assets\contrast-white\AppPackageAppList.targetsize-36_contrast-white.png" Size="500" LfhSize="102"><Block Hash="1qipXn4kqG1uTfTRzqW6TF+Yr8SDAyT/uYmJgdf385s="/></File><File Name="Assets\contrast-white\AppPackageAppList.targetsize-40_altform-unplated_contrast-white.png" Size="525" LfhSize="119"><Block Hash="OjADJUCwiw1f3L566wanI4QQPoj6TpQjnogyqtVfsX8="/></File><File Name="Assets\contrast-white\AppPackageAppList.targetsize-40_contrast-white.png" Size="525" LfhSize="102"><Block Hash="OjADJUCwiw1f3L566wanI4QQPoj6TpQjnogyqtVfsX8="/></File><File Name="Assets\contrast-white\AppPackageAppList.targetsize-48_altform-unplated_contrast-white.png" Size="585" LfhSize="119"><Block Hash="mPPcid6z5TIbJ/m1Qhm0KWNNnPZtItBobVaWOKoSrag="/></File><File Name="Assets\contrast-white\AppPackageAppList.targetsize-48_contrast-white.png" Size="585" LfhSize="102"><Block Hash="mPPcid6z5TIbJ/m1Qhm0KWNNnPZtItBobVaWOKoSrag="/></File><File Name="Assets\contrast-white\AppPackageAppList.targetsize-60_altform-unplated_contrast-white.png" Size="643" LfhSize="119"><Block Hash="WlTnxUePy5wOgaw4peTrREx9PrHHUmsspCiv559DnPg="/></File><File Name="Assets\contrast-white\AppPackageAppList.targetsize-60_contrast-white.png" Size="643" LfhSize="102"><Block Hash="WlTnxUePy5wOgaw4peTrREx9PrHHUmsspCiv559DnPg="/></File><File Name="Assets\contrast-white\AppPackageAppList.targetsize-64_altform-unplated_contrast-white.png" Size="623" LfhSize="119"><Block Hash="UcBoTklOubpjRdFO2Zo0vNprprlTEXpcV1WAztqf4rU="/></File><File Name="Assets\contrast-white\AppPackageAppList.targetsize-64_contrast-white.png" Size="623" LfhSize="102"><Block Hash="UKRNvV7nsvS2yj2Ouqef7bonpGnZy9aezGsjjHeulGA="/></File><File Name="Assets\contrast-white\AppPackageAppList.targetsize-72_altform-unplated_contrast-white.png" Size="677" LfhSize="119"><Block Hash="miGiW6epwV3prc/uA2hYGHVjmBGwwYUJiIoHwbmfcz8="/></File><File Name="Assets\contrast-white\AppPackageAppList.targetsize-72_contrast-white.png" Size="677" LfhSize="102"><Block Hash="v72r8ptPCri5yV2+5SI8xY0BwBi7rprFtrJRRpTjuNo="/></File><File Name="Assets\contrast-white\AppPackageAppList.targetsize-80_altform-unplated_contrast-white.png" Size="719" LfhSize="119"><Block Hash="JZW53UZ2Zqq7/0XLVkCGwkwUWNVc3tDORv8vzdvGdcs="/></File><File Name="Assets\contrast-white\AppPackageAppList.targetsize-80_contrast-white.png" Size="719" LfhSize="102"><Block Hash="JZW53UZ2Zqq7/0XLVkCGwkwUWNVc3tDORv8vzdvGdcs="/></File><File Name="Assets\contrast-white\AppPackageAppList.targetsize-96_altform-unplated_contrast-white.png" Size="837" LfhSize="119"><Block Hash="NxxfES6Yl7++e3B3JxEM4AuI/ARyvLfyufcFZTAH+g8="/></File><File Name="Assets\contrast-white\AppPackageAppList.targetsize-96_contrast-white.png" Size="837" LfhSize="102"><Block Hash="NxxfES6Yl7++e3B3JxEM4AuI/ARyvLfyufcFZTAH+g8="/></File><File Name="Assets\contrast-white\AppPackageBadgeLogo.scale-200_contrast-white.png" Size="585" LfhSize="100"><Block Hash="3yPPuwLtqfKcz9zIMZf4lnV4t/muDx1+fKDs9BRWSPQ="/></File><File Name="Assets\contrast-white\AppPackageLargeTile.scale-200_contrast-white.png" Size="2566" LfhSize="100"><Block Hash="zSo/Z2hV7KL8yKQAXXfY2M8mkCbsZQSd2zwy2Sz4/V0="/></File><File Name="Assets\contrast-white\AppPackageMedTile.scale-200_contrast-white.png" Size="1179" LfhSize="98"><Block Hash="vYnM88oshSIFxhaAW5ftS8o/Y8rrcFXP0725Ay5eddA="/></File><File Name="Assets\contrast-white\AppPackageSmallTile.scale-200_contrast-white.png" Size="794" LfhSize="100"><Block Hash="iK4lPe6WrmGDQ8zw73k7gqgcBuR2HRkR4QciosM7Ots="/></File><File Name="Assets\contrast-white\AppPackageSplashScreen.scale-200_contrast-white.png" Size="3212" LfhSize="103"><Block Hash="FRHxqUCnbSvaRZD7sI4AdcSPHABxSnieQS4LbQcwsAM="/></File><File Name="Assets\contrast-white\AppPackageStoreLogo.scale-200_contrast-white.png" Size="715" LfhSize="100"><Block Hash="9y2o98GfyOU5SAXDn193sOldIh8totg1Ws+//xsyPUA="/></File><File Name="Assets\contrast-white\AppPackageWideTile.scale-200_contrast-white.png" Size="1386" LfhSize="99"><Block Hash="W96jDzOGruxlm1BrKVKIzENZm6guxfMZVarvlsdvKwY="/></File><File Name="Assets\contrast-white\CertOriginTrusted.png" Size="21256" LfhSize="73"><Block Hash="ES7Mn+JiIipdisxCT1k+Nv/Uz0/nBVns8PLZJAYPlFg="/></File><File Name="Assets\contrast-white\CertOriginUntrusted.png" Size="17743" LfhSize="75"><Block Hash="nMKqRorLQL4Djt+iblcPAIOR2oeEr5AHFn2bFkggy9s="/></File><File Name="Assets\contrast-white\Shield.png" Size="276" LfhSize="62"><Block Hash="QDo2raf3V50JZw+bmOfa/sHC4b7sxf0m7mtf0LTyUFw="/></File><File Name="Assets\FileIcons\FileLogoExtensions.targetsize-16.png" Size="284" LfhSize="83"><Block Hash="xWYC7SeWil4a8vZ5h1LNaWcGj0swaVGPgdE8rv16j8U="/></File><File Name="Assets\FileIcons\FileLogoExtensions.targetsize-20.png" Size="728" LfhSize="83"><Block Hash="Nw4a/w71m4QuC9Shc/XWexb0dVtSHl78AVEIGyNEOaE="/></File><File Name="Assets\FileIcons\FileLogoExtensions.targetsize-24.png" Size="876" LfhSize="83"><Block Hash="8riy01kULNUALSDPa9RQ0DBhMfK1BN1UPwMFetqApgs="/></File><File Name="Assets\FileIcons\FileLogoExtensions.targetsize-256.png" Size="8615" LfhSize="84"><Block Hash="5kAXOjfaoBYxYxl6Wd3VuE/lpGu9tt/ug90P463M64E="/></File><File Name="Assets\FileIcons\FileLogoExtensions.targetsize-32.png" Size="1138" LfhSize="83"><Block Hash="lBp1UMk1NqZZ4chNYkJp0H85THK4+Vz9bRXQX7nuOKo="/></File><File Name="Assets\FileIcons\FileLogoExtensions.targetsize-40.png" Size="1436" LfhSize="83"><Block Hash="LYoDG/giHOyPR6wcuic8RAmhl9rG3WnOTzu8lHGChk0="/></File><File Name="Assets\FileIcons\FileLogoExtensions.targetsize-48.png" Size="1734" LfhSize="83"><Block Hash="ht+2IxKDKK2Xy2HpLEzJsjBHotprzJp2ARIr/gzqX08="/></File><File Name="Assets\FileIcons\FileLogoExtensions.targetsize-64.png" Size="2393" LfhSize="83"><Block Hash="I9UWyPlQZMlbDnUsxE0bYTJf1E2PvfQ0BvdWQOXOQQg="/></File><File Name="Assets\Shield.png" Size="296" LfhSize="47"><Block Hash="5F9peoHhy9RgRqUFl7qa8I4dgxFkfWKhdALMQYsPY+g="/></File><File Name="AuthenticationManager.exe" Size="564736" LfhSize="55"><Block Hash="F0MMvfjUDUICyx2wY1OxSwssOZileNirwQ97g95FsCE=" Size="30606"/><Block Hash="NMolugSyWFTHbza3qLFvWYfR+DAf0ZZZzZGNGQyhv3I=" Size="30860"/><Block Hash="J9NFE2bLi0xeUITyHiB5QO3ImeQJrHCFrZqJMiq3yXk=" Size="30002"/><Block Hash="VfwQhuSyi6GgoJTulM918bOI16i1QSDBvu6q1kCEAEE=" Size="30044"/><Block Hash="O0+gd4g9wE2RC77sgD2QwLyuQxCVkIw+pNmcaASjo4M=" Size="19761"/><Block Hash="pbOWGHRM2UNI7oTPUx2OweZAwCDZSjDzmahDGYINTTg=" Size="21645"/><Block Hash="/UmDZR502oD2UaxtzcIDpNe5uqrG0dnw8fxtsULdkfo=" Size="14089"/><Block Hash="/lzRv1r2DQHvuS50Xi5Zrutdzb2ye21crt1CVouRmx4=" Size="14228"/><Block Hash="alXR7cAdE4kdGajaJvj3RBtrlAySO+9Zq8gxW0uAOKc=" Size="6421"/><b4:FileHash Hash="m4STg5Vj6QgGC3/f1plUN4h12znr+rZ4SaddqZnlvNI="/></File><File Name="concrt140_app.dll" Size="58248" LfhSize="47"><Block Hash="1ypDkcSFK/Twk38Y1+2/msQ0PhmGHXhWwklhXBLk3Zw=" Size="16439"/></File><File Name="Microsoft.Management.Configuration.dll" Size="480256" LfhSize="68"><Block Hash="Yt+g2wFszMODqHNWoXLTu1LBPB8pjS4onfEm2Hgqb38=" Size="27791"/><Block Hash="gYUZfD4qxK9bl1VWiIVxsyXv58OKg5n5E4oEx08H07s=" Size="28986"/><Block Hash="kvVucnChVT5Yopjlu9FRJLmQ3z4b09wTvSRHOhVFDpI=" Size="32804"/><Block Hash="R/GroRPyfKRcPZ6yDZfHQS67FOSRDm/u8auMH6rCX2E=" Size="33818"/><Block Hash="I0cJ1J9U1Ewkh0oraxw2sKPlE9xxISqCcDshIxImaYQ=" Size="29199"/><Block Hash="X9/4d8dfT//262v8Y/xnwsqjAzRqJSxf0XIgP9gb+Uw=" Size="24124"/><Block Hash="hImyH/dlmweSrcrBZqXZZP1nLgcx8dfF191xGmN9NYg=" Size="27922"/><Block Hash="OzX0tq4mpJ9HADyv6L5AVtm47GbapjHyr3LgPpuY84c=" Size="9769"/><b4:FileHash Hash="rUM8ZdEKT8vHMMW9LJ5Hvlp/naSMvbkzol3aFNPlihY="/></File><File Name="Microsoft.Management.Configuration.Processor.winmd" Size="4608" LfhSize="80"><Block Hash="LwybouYa2snAvuTJMFZNy8PjhiGdFE9IjFtQB2AUwKc=" Size="1785"/></File><File Name="Microsoft.Management.Configuration.winmd" Size="23552" LfhSize="70"><Block Hash="GSad5kj7qDEcT0nS8HYU+c/XPpGIzy/IG2pzY97Ojug=" Size="9061"/></File><File Name="Microsoft.Management.Deployment.winmd" Size="37888" LfhSize="67"><Block Hash="ueXT8zj7ntqkv4DmMki9bNbbQOsFA0fmnLBNwuyibdI=" Size="14358"/></File><File Name="Microsoft.UI.Xaml.winmd" Size="285696" LfhSize="53"><Block Hash="tFrhNpJ7vsVt0E25iX7vXZx9x56nx5ZyKsyldVZEKfo=" Size="23106"/><Block Hash="ltXzqWAKjyWg6DXXec47v26n/XNM5dRSQxpVTLhbrmk=" Size="20118"/><Block Hash="xkU913bN5XC6B5oB+dY1RN1zI1Kwvxqvxrj4JutuZO8=" Size="28136"/><Block Hash="y/mMsICJmubLpIxp43Pvu2SWWSu4xRqMNWxbOz121QY=" Size="18237"/><Block Hash="V7R7zuG60Y0cJhUzBGHEmGIiQUgBod/tU+rQpmaZ/pg=" Size="5753"/><b4:FileHash Hash="Xg8Fw8Ur+KHmp/D5yWu9YhzzFVr2gN/rEzO7bk95l4k="/></File><File Name="Microsoft.Web.WebView2.Core.winmd" Size="98232" LfhSize="63"><Block Hash="HyRrle31q6IxdNqRYrnEvJsBEK9uGI1rVdfC0RPgUv8=" Size="26299"/><Block Hash="1FYAJTb77eZEZ91oXnmecvXyueYcmqNQGkQqfjuGc3w=" Size="14565"/><b4:FileHash Hash="KUdPdJxXqT91Kst9V5ScLO3ik8oc/j1RpCCHXLm7pcA="/></File><File Name="msvcp140_1_app.dll" Size="19336" LfhSize="48"><Block Hash="tdN7dv4QfV0j9Ji1gs8R3Bs8RknIRO19x8LicAEHKCM=" Size="10214"/></File><File Name="msvcp140_2_app.dll" Size="21384" LfhSize="48"><Block Hash="WAyFXh5YUQIHuRVt+b2zL/vRXORAW6vLkGlCEqh5hYc=" Size="10738"/></File><File Name="msvcp140_app.dll" Size="259968" LfhSize="46"><Block Hash="hKJmewMAV8JQr1Ps04VCGhmn40SAjSzCIKBSIvOgkkQ=" Size="16631"/><Block Hash="aoxSO6LMNFBP0+0RzeXvQAy2OHkfAfRtK76MZWxTspE=" Size="4968"/><Block Hash="NniG4FMwCQb9TRaeZ/UWkhsT22EGb3MeVcdABzSw/pY=" Size="3564"/><Block Hash="dR6b4bcH0D6KPyTDwiKl3/RnYCIMQXPYtdtHq4YXg6M=" Size="11784"/><b4:FileHash Hash="0GN4CRYM4EPlUw2va5O/WWEbTeQJJ0xVuoeizvV8sgI="/></File><File Name="resources.pri" Size="138040" LfhSize="43"><Block Hash="/43OYnTEm8YmZyFwyHQDonH/7J7QkqByiYnjOBr+pPo=" Size="25588"/><Block Hash="wBvgut8peCyvvPOUjwfR3Ol4Ym5M7fpU06xhQyE2G1I=" Size="19520"/><Block Hash="9l9iARV/A60jHwlWSRfQAZAeLGD4JQK15ONPbY6oqR0=" Size="377"/><b4:FileHash Hash="rS0XxD2FK4sha5jnDMzEY6iBUaS6+P7zEAaJylRz8IU="/></File><File Name="vcamp140_app.dll" Size="46984" LfhSize="46"><Block Hash="4yQgyfMEagES/V+0dAGXhWXbK8rZWFe+ekvIPwX3qm8=" Size="14325"/></File><File Name="Microsoft.Web.WebView2.Core.dll" Size="551368" LfhSize="61"><Block Hash="hBTCIry++d+vFi8ACC2EHsiDfp7cyLJbUXsuhPYVnAk=" Size="29223"/><Block Hash="47MmlUZN2Pj4FcUqfHbvAUGXBUsd3jnv0EFGWY5U4Ls=" Size="17252"/><Block Hash="u6OzWDUBC8Q/NNSjxJOAp7Xyv8CzWRkhuScnaZqJLCE=" Size="15057"/><Block Hash="hq56HM9m74P1UtqVxULPfAPIPKbYK+GNQz3DQIhAA8Y=" Size="14894"/><Block Hash="mOuxBj21d/ESHHz1NUnFX3NFcoM4SfGp4JiIyfFACk4=" Size="21460"/><Block Hash="MhBc0yqRWb1ZlAb/P+tj+3guuS2u9PalD5ekYOYviro=" Size="27632"/><Block Hash="0Z7dXFLDvaSiF8Ku9T7ucrOSQL7tOaKJOI+79zR/QNY=" Size="19443"/><Block Hash="dhbUlg7Sd53RpqvZh4l5dH/Qe/5I6tEM82WvpAGjAtk=" Size="27504"/><Block Hash="v3szt0ND5cDdFq6QQWO5Xj+OKU/JKUXWEXv1Dty+qV4=" Size="12477"/><b4:FileHash Hash="BnCGeMfPVMlN7Mcf8KP1lQsG94Ks2rwJSb9tMwQRkGg="/></File><File Name="vccorlib140_app.dll" Size="51080" LfhSize="49"><Block Hash="51itr+cOSKT3mxm2wgE+NXFEFQVLaz7mcuuRtY6R9sg=" Size="15528"/></File><File Name="vcomp140_app.dll" Size="25480" LfhSize="46"><Block Hash="5u8kK2iykaHYR1q9S7hUjdu8fU+6fJu1Ee8ukgKLbIQ=" Size="11742"/></File><File Name="vcruntime140_1_app.dll" Size="18824" LfhSize="52"><Block Hash="Lv6UCq4Kxw4R2u7sWiAKJKo9II5Vi8GBCdhaK5ehb24=" Size="10089"/></File><File Name="vcruntime140_app.dll" Size="22920" LfhSize="50"><Block Hash="jaD7DXScRN6Cfe4X+tmPRzucZvQp+6yue7KtHAFmyyw=" Size="11369"/></File><File Name="WindowsPackageManagerServer.exe" Size="46592" LfhSize="61"><Block Hash="kWdHSScaTelBvwqxM/msoWtIhjI+mdSLvkQMOeUZ/CI=" Size="22847"/></File><File Name="winget.exe" Size="12288" LfhSize="40"><Block Hash="lxWavJR5CRxZpAMrH+YvLman60qD22B2A/1MWX12QBk=" Size="5240"/></File><File Name="XSD\AppInstallerUXSchema.xsd" Size="4368" LfhSize="58"><Block Hash="yeGWg5910KVvSZPV1e5eEBcFLa9c0vUaWvsgmWC5H34=" Size="780"/></File><File Name="XSD\AppInstallerUXTypesSchema.xsd" Size="3745" LfhSize="63"><Block Hash="QLlvSc4dBZELaQOLZ+OTWtWIyKCVLvoMvQZAw4X4XM0=" Size="820"/></File><File Name="WindowsPackageManager.dll" Size="4545536" LfhSize="55"><Block Hash="ff3JFptmY6ktQcZJ0IfC/uG/3u7CCH9o+uDrPyXfM/c=" Size="28191"/><Block Hash="OIs2Z3IVAdz/qyvMJGm5hlcqIpw26M2fM7SBkP/oQTg=" Size="33654"/><Block Hash="9jFBj+LuoDWn/IQP/5fQl2QoOpZeErcbqpgYzDYa6Gc=" Size="32311"/><Block Hash="gYAVyinhidKAHvDsx5klOiYai7nti7b5HBe+m0kEWQI=" Size="22581"/><Block Hash="XgA3rTCLKhMqFtA5udF0nyhPii1IRg76ocZgO7v+Jn0=" Size="29579"/><Block Hash="pJRzdGaczu1O7c0+Exy3gySox+DQ9pEP37ReNC9DhqI=" Size="28142"/><Block Hash="Jv1HkqAJK6uzMGvfjB1l3WYu2ZhKYr1S/aT8Gu3hc0A=" Size="30340"/><Block Hash="0FbVMSZxEcNlsLdyvXEkYWRVW83gR1run2KVHI0ZkJI=" Size="30914"/><Block Hash="9lIl1YCCwFlOU6cJ3zx1F8u0hfz+k1q/R5FYSti3Qig=" Size="29582"/><Block Hash="qw5RMYgRj2sh48JMUTvQkXN4ieC8QnFm6zWcK8hMiaI=" Size="30019"/><Block Hash="KecTBVtlKuCA+8nWaAgrvg2gF3l9kXC6ojIYUJCKh1c=" Size="30484"/><Block Hash="81mSGOpQxhyck68iGYIOWVje+OBokHjLLjCFp2eVhg0=" Size="25541"/><Block Hash="589Urii5pc5+5RhWmNiYK9XLKMp1pzBP/QqASHvdW3c=" Size="30244"/><Block Hash="J1Hd5RMRBcW7d6I47ARNt4RiOdRSHxVsW6FZRLMPqHk=" Size="29287"/><Block Hash="Y+gLlv/rjzxkT/wd7sNvz14d/nff/4doTuwKHQc9hTc=" Size="29783"/><Block Hash="29aDRIktqL++QOd4xBkNNzgtd8EZ2cW8IyP6lY3AV7k=" Size="31581"/><Block Hash="tMjkAg7GSjm4yGfIQn3UMBWwBv+5L+ibqU3PWT+vlIA=" Size="29981"/><Block Hash="7Zn2JXmVUd8aukX7CrCqfxN44rTsInROwBpoEePL9WM=" Size="29789"/><Block Hash="AJvKnR16jerqbhwkWPdWW+fCZcgrrFXahl+N8hmuJN8=" Size="25941"/><Block Hash="GjO6aP96ozqdsnQXAUtPZwR5nXLZPubgu/DrOWxErhE=" Size="26852"/><Block Hash="578zRYsxgY5+VBt+ZPtOSywj9LPufwkEY1gI1yIm56c=" Size="31736"/><Block Hash="q5PeUL2fBa+KHTvDHQh4tFqehSmZaDwUbMcgdm3Xyos=" Size="27064"/><Block Hash="mHmx4h5FVJgQGsfVPnAVWzCWzaRPk/sP2zhnBoPcE8c=" Size="32480"/><Block Hash="f4/NzWKcdm2HCMX5iwlZrOM1notO+ixrDUnecc0YRm4=" Size="30910"/><Block Hash="4yvnc1nrG0JghZS/y3tT3SZPYf71mgeUx1zZyi5X6Ac=" Size="30160"/><Block Hash="313iUWq77XhJCu9UsEMMmF+HAYkCOWJBN4LRDP+PdtE=" Size="28937"/><Block Hash="mgXj/fAeX4IIKoePcyO5XWTfBd3zp7P4PBovAf1hE4k=" Size="23927"/><Block Hash="hWDER2bqiNpDriitHMgEzOdIq2VTSCCarDLeX0gdffk=" Size="30610"/><Block Hash="T5C95hU0a7KNMZdKADyaNRyxCnINHJjqn8MVsFhHWho=" Size="31642"/><Block Hash="gUr5KNvVvJJp21lBtfPdDTu2q3ysiLy3kWkW+7GSBCQ=" Size="30564"/><Block Hash="U9HfJK2GuRB7ay2uBYrNLpfAOmRsL+4pMiYwqe8I7Gw=" Size="31425"/><Block Hash="xHdUY1JcRQ+ZKXc1RCjC5rTTRzhx1YBVVqpdJYCSvkg=" Size="31024"/><Block Hash="2BuqY+kNz3wVXHzZ3y0vMb4CYX34y3t7eKwaME8sfXI=" Size="23035"/><Block Hash="p8JqLOlAWPfexaO/aBtc601xWk7YZZaSKT8ZakFiqaE=" Size="26102"/><Block Hash="EAoF/TWaUjfhtCD/rd/lZxpl8HaFlE0lWyEapIAGkRg=" Size="30520"/><Block Hash="3SjfuIV2teNTR9BAvv1G46Md5XQdkHPRWs4XNHZos+o=" Size="31684"/><Block Hash="BB5djJlcYdDYU6kPRCY2fRqmJgJS/kOpC4g8/0kxAT4=" Size="31754"/><Block Hash="7rkSX+YJkK85PdeRpXT8k2Y07LSPfR0ntjnYmFP1mbg=" Size="28121"/><Block Hash="uDcWfU9/0QT+XAId6QDln0fB6I1Zw9MD6FsDC+9ln2Y=" Size="33555"/><Block Hash="uVi6X0hhn2OSkBUEk2/HmeP9JWs2Cs/dCMKKNwPEnJo=" Size="32769"/><Block Hash="GeHoJQ5FTiLKBntMNSs0cxzEfP8kLUK/tA8+HFAUe0I=" Size="23254"/><Block Hash="1YXqUVIHT0xTulTUBIWlQiCf2+Kk53ySJlKp8UtryQU=" Size="28885"/><Block Hash="O9rgkDAoqyeucfEFqzOqw4DAfJ+7TQKRr3SIoVrEA0A=" Size="26503"/><Block Hash="0ik0H94BeqOqvY0sXOVrEyRwUg8cPulNmak8Yq//1kM=" Size="29766"/><Block Hash="CPWto+nYRfnBrTlXunFYAcP84zO0w3n0Ev+eAgGseJw=" Size="30102"/><Block Hash="7kpgyqq3DY1PWEp+xeueUyapDIc6jTslPNgbHe5E8a0=" Size="24475"/><Block Hash="wmBn76/JKceVu1nrAYBlikKgFvvciIF9yPdA9Z6IPDw=" Size="23017"/><Block Hash="kbRJ+D3+WgUbZWg0vkOViTTYZ/Iw48D20FuEy0lK4JE=" Size="22879"/><Block Hash="LfyaXyUqECS5pYkej5Pn+5JPWatBFSetak0vctq0VVg=" Size="23305"/><Block Hash="Fg3WIf8pza67SHsdOhmXxzXOCDBtyeDRxjq/4D/0q0k=" Size="20183"/><Block Hash="Od2iSO7VElSkxrrmNxp9oQ98lbtHGfCxTgWWhFe12EM=" Size="26659"/><Block Hash="qj5j4kQcHgcn5TUty35keFynlFH3lunV/wB1KVT55LQ=" Size="18597"/><Block Hash="6XtmMrZjpeXccTlPmfPkAAPmrnAuZoiTZMTMduSp8mw=" Size="16434"/><Block Hash="4ABxdS2DzZTjxRcYafm2rGEjI//iuxlspIJ8zYCtAFc=" Size="18769"/><Block Hash="z2eqPjc4QF8nWO0lUv/iqDKam0NdGhstU/F8mOCrdUY=" Size="32263"/><Block Hash="urMDcWrZSoQzGPxfadzgtydZe2XdpbEHGLQ5y0s6I5I=" Size="36751"/><Block Hash="LbUTRIs9R/+wjvQlFY/SK9O0yhag+COjXyF0XjPNFlg=" Size="35284"/><Block Hash="aXpByqxk2dsHNQb01YO7D80RfdHL0i5JVvFhd7XCcnY=" Size="34652"/><Block Hash="b7cMTAUgwaYP4zqYwA55ycI9BoDvfc+V71k8XC7SLF0=" Size="34769"/><Block Hash="ghNIg0Nua7Vb5A6Eoy0yeJfq2p4HTNLwPZnbvSAYXms=" Size="20753"/><Block Hash="HNt13vUTfq1Y7ozlrxKYDtAdfYqKcvCAjOEUx4qyvJg=" Size="10588"/><Block Hash="kmq6DUogE5Z0tz6OujRuJZS6jxNh2dDmV/P15KzAJxg=" Size="33347"/><Block Hash="FkyC+kKEjaRJVSaYh2SK8OzxEVZmaYSHquosGWoxeec=" Size="26396"/><Block Hash="EKiyiqFPLKFIOtF18khKBNy8YbxPC/144pMS3C6r32k=" Size="4924"/><Block Hash="KZ+BvMLKNE9wmN1gK8RUP0KN7t6nvACr5uvWcuvrJwg=" Size="7187"/><Block Hash="/UEeN1w8MrVUzXpU0GNLP57C5A+IKMBcDRmdLdu6saw=" Size="7290"/><Block Hash="MSrmbiji5HlZnZAhYZw512qBnkTs4lNh5GxbsZhAU5w=" Size="8181"/><Block Hash="gCj9VStVEV83rcTs7xJdSvuF4syJM5Lw/9GSkTZXr4k=" Size="8145"/><Block Hash="ZfC4t3r1OUjthM0kl532aeFRFpI+dciVUS74zmTe/bo=" Size="8850"/><Block Hash="ANJi1HEKezXjRrpy86WO1f1H79zguBljykEBTfMvtD0=" Size="6662"/><b4:FileHash Hash="qdRP5MA18/1y9BgJDiUjp0cj4FHyLUWPJEyr+HAeUOk="/></File><File Name="AppxManifest.xml" Size="15228" LfhSize="46"><Block Hash="mA00HGgH3YdlXv/XHo08ZVleVi3XtWNtvNeAB+UPV3E=" Size="3507"/></File></BlockMap>